code,system
146D.00,readv2
1S42.00,readv2
E11..13,readv2
E110.00,readv2
E110000,readv2
E110100,readv2
E110200,readv2
E110300,readv2
E110400,readv2
E110600,readv2
E110z00,readv2
E111.00,readv2
E111000,readv2
E111100,readv2
E111200,readv2
E111300,readv2
E111400,readv2
E111500,readv2
E111600,readv2
E111z00,readv2
E114.00,readv2
E114.11,readv2
E114000,readv2
E114100,readv2
E114200,readv2
E114300,readv2
E114500,readv2
E114600,readv2
E114z00,readv2
E115.11,readv2
E11y.00,readv2
E11y000,readv2
E11y100,readv2
E11y300,readv2
E11yz00,readv2
Eu30.00,readv2
Eu30.11,readv2
Eu30y00,readv2
Eu30z00,readv2
Eu31.11,readv2
Eu31.12,readv2
Eu31.13,readv2
Eu31100,readv2
Eu31200,readv2
Eu31400,readv2
Eu31500,readv2
Eu31y12,readv2
Eu33213,readv2
Eu33312,readv2
6657.00,readv2
6657.11,readv2
6657.12,readv2
E11..00,readv2
E11..11,readv2
E110.11,readv2
Eu30000,readv2
E114400,readv2
E116300,readv2
E116400,readv2
E115.00,readv2
E115100,readv2
E115300,readv2
E115400,readv2
E115600,readv2
E115z00,readv2
E115000,readv2
E116000,readv2
E117.00,readv2
E117000,readv2
E117100,readv2
E117200,readv2
E117300,readv2
E117400,readv2
E117600,readv2
E117z00,readv2
Eu31z00,readv2
Eu3z.00,readv2
E115200,readv2
E116200,readv2
E115500,readv2
E116500,readv2
E117500,readv2
E116.00,readv2
E116100,readv2
E116600,readv2
E116z00,readv2
Eu3y011,readv2
Eu3..00,readv2
Eu31.00,readv2
Eu30100,readv2
Eu30200,readv2
Eu30211,readv2
Eu30212,readv2
Eu30z11,readv2
Eu31000,readv2
Eu31300,readv2
Eu31600,readv2
Eu3y100,readv2
Eu31700,readv2
Eu31y00,readv2
Eu3y.00,readv2
Eu3y000,readv2
Eu3yy00,readv2
Eu34.00,readv2
Eu34y00,readv2
Eu34z00,readv2
Eu34000,readv2
Eu3z.11,readv2
ZV11111,readv2
ZV11112,readv2